id,issue,risk_level
1,Missing DSR Process,High
2,Missing DSR Process,High
3,Missing DSR Process,High
4,Missing DSR Process,High
5,Missing DSR Process,High
6,Missing DSR Process,High
7,Missing DSR Process,High
8,Missing DSR Process,High
9,Missing DSR Process,High
10,Missing DSR Process,High
11,Missing DSR Process,High
12,Missing DSR Process,High
13,Missing DSR Process,High
14,Missing DSR Process,High
15,Missing DSR Process,High
16,Missing DSR Process,High
17,Missing DSR Process,High
18,Missing DSR Process,High
19,Missing DSR Process,High
20,Missing DSR Process,High
